Business Name,Owner First Name,Owner Email,Niche,County
Tadlock Roofing,Dale,office@tadlockroofing.com,Roofing Contractors,Leon County
Rowe Roofing,Mark,sales@roweroofing.com,Roofing Contractors,Leon County
Salvo Pools,Ryan,office@salvopools.com,Pool Contractors,Leon County
Southern Poolscapes,Adam,info@southernpoolscapes.com,Pool Contractors,Leon County
Mystic Pools,Robert,info@mysticpoolsusa.com,Pool Contractors,Leon County
Fain Builders & Pools,Fain,info@fainbuilders.com,Pool Contractors,Leon County
Smith Roofing & Repair,Smith,office@smithroofingtallahassee.com,Roofing Contractors,Leon County
Coastal Roofing Solutions,Coastal,info@coastalroofingsolutions.com,Roofing Contractors,Leon County
TSpark Enterprises,TSpark,info@tsparkconstruction.com,Roofing Contractors,Leon County
Pantera Roofing,Pantera,info@site13573.gowizhost.com,Roofing Contractors,Leon County
DiGenti Pools Spas and Solar,DiGenti,office@digentipools.com,Pool Contractors,Leon County
Thomasville Pools & Spas,Thomas,sales@thomasvillepools.com,Pool Contractors,Leon County
Paragon Pools,Paragon,info@paragonpools.com,Pool Contractors,Leon County
Blue Haven Pools,Blue Haven,info@bluehaven.com,Pool Contractors,Leon County
Cox Pools,Cox,info@coxpools.com,Pool Contractors,Leon County
Wright Roofing,Wright,office@wrightroofing.com,Roofing Contractors,Leon County
Logan Roofing,Logan,sales@loganroofing.com,Roofing Contractors,Leon County
Tallahassee Roofing,Tallahassee,info@tallahassee-roofing.com,Roofing Contractors,Leon County
Pro Styles Roofing,Pro,office@prostylesroofing.com,Roofing Contractors,Leon County
Jasper Contractors,Jasper,info@jasperroofing.com,Roofing Contractors,Leon County
